userName,score,at,content
Pengguna Google,5,2016-08-24 00:35:30,"Tampilannya jangan seperti browser jadinya lambat mohon dirubah menjadi tampilan yang mudah dan ringan , semangat programer telkom"
Pengguna Google,5,2016-08-08 02:15:02,Ok
Pengguna Google,5,2016-07-23 18:08:36,Goooood
Pengguna Google,1,2016-07-21 03:21:20,Register nya aja kagak bisa sok sok an pake aplikasi.. Pretttt
Pengguna Google,1,2016-07-20 08:26:39,perusahaan sebesar telkom masa ga bisa bikin aplikasi yang lebih baik. masa cuman micro web doang
Pengguna Google,1,2016-07-16 02:42:16,"Speedy ny lemot, eror truz. Respon lambat."
Pengguna Google,3,2016-06-27 05:12:04,Yah oke lah
Pengguna Google,5,2016-06-26 14:52:17,tiada yg laen
Pengguna Google,4,2016-06-21 21:34:13,Semoga cepat di tanggapi keluhannya
Pengguna Google,5,2016-06-18 10:11:49,Bagus
Pengguna Google,4,2016-06-16 05:40:21,Aman dan mudah
Pengguna Google,5,2016-06-13 01:37:52,Banyak fitur seperti my telkom
Pengguna Google,3,2016-06-13 01:33:20,Tolong cepat loadingnya
Pengguna Google,5,2016-06-11 12:59:35,Trims buat telkom
Pengguna Google,5,2016-06-10 17:24:25,Mantap
Pengguna Google,1,2016-06-07 09:40:02,Indihome fiber  sy mti sdh hmpir 3 minggu tlp k 147 percuma n k pusat telkom pun sm sj blg teknisi mw dtg kgk dtg payah sngat mengecewakan!!!!
Pengguna Google,2,2016-06-06 21:26:00,"tolong di sempurnakan kembali, jika apps belum siap kalo bisa jangan terlebih dahulu di luncurkan, karena hannya malah mempersulit pelanggan."
Pengguna Google,1,2016-06-03 05:33:56,Saya cukup kecewa dgn peLayanan dari TeLkom krn sudah 1 buLan jariNgan speedy dirumahku rusak tapi pihak TeLkom bLm jg memperbaiki sampe2 saya capek meLapor
Pengguna Google,5,2016-06-03 01:38:35,Aku selalu menggunakan telkomsel sebgai andalan aku.dan tak pernah pakai yg lain kurasa aku pelanggan yg #Setia buat telkomsel
Pengguna Google,1,2016-05-29 09:30:07,"Loading lambat, nerat dan bikim macet hp. Bikin sial"
Pengguna Google,1,2016-05-13 20:11:24,Malu maluin telkom aja aplikasi ini..
Pengguna Google,1,2016-05-12 03:02:24,Aplikasi kyak kura2.. gk bermutu sama sekali. Lemot. Erorr.  Percuma install  ...
Pengguna Google,3,2016-04-29 15:45:02,ERROR LAMAN WEB TIDAK TERSEDIA 😞
Pengguna Google,5,2016-04-28 17:27:16,My telkomsel
Pengguna Google,3,2016-04-25 00:09:24,Tolong lodingnya lambat
Pengguna Google,5,2016-04-22 04:46:05,Sangat menyenangkan
Pengguna Google,5,2016-04-20 14:24:02,Ajib..
Pengguna Google,5,2016-04-19 17:55:26,Sep
Pengguna Google,5,2016-04-19 15:14:56,Bagus sekali oke
Pengguna Google,4,2016-04-18 12:17:01,"Coba dulu,kalau bagus nnti ditambahin bintangnya..."
Pengguna Google,3,2016-04-18 05:18:31,Blm bisa memberi kenyamanan
Pengguna Google,5,2016-04-18 03:56:03,mntp trus.
Pengguna Google,4,2016-04-18 03:36:42,Great....
Pengguna Google,4,2016-04-18 01:17:27,Ok
Pengguna Google,4,2016-04-17 01:00:13,Trimah kasih my telkom
Pengguna Google,5,2016-04-16 21:11:13,"aku berlangganan wiffi/ indihome memsng cukup cepat aksesnya, perlu adanya control line atau jaringan fibernya secara berkala"
Pengguna Google,5,2016-04-16 19:21:54,Ok
Pengguna Google,2,2016-04-15 15:14:28,Mau verifikasi gak bisa
Pengguna Google,5,2016-04-15 13:35:35,Mantap
Pengguna Google,3,2016-04-15 06:16:34,Jos
Pengguna Google,5,2016-04-15 03:24:42,Ok
Pengguna Google,1,2016-04-15 00:19:53,Ngak ngadu by phone dan aplikasi sama aja tindakan nya ngak ada yang cepat. Lola dan makan space.
Pengguna Google,5,2016-04-14 17:50:09,Telkomsel sungguh sngat menja
Pengguna Google,4,2016-04-14 15:59:08,top
Pengguna Google,1,2016-04-14 10:58:58,Kinerja dan jaringan lemoot
Pengguna Google,4,2016-04-14 07:13:41,Telkom yg terbaik dh 20 thn lebih pakai telkom
Pengguna Google,5,2016-04-14 06:49:39,Jaringan jernih
Pengguna Google,4,2016-04-13 04:41:06,Mazih pasang aplk
Pengguna Google,3,2016-04-13 02:43:29,Sip deh
Pengguna Google,3,2016-04-13 02:21:48,Coba dulu
Pengguna Google,5,2016-04-12 22:34:35,Telkomsel memang oke
Pengguna Google,5,2016-04-12 10:28:03,"Telkomsel jaringanku,telkomsel slalu dihati :)"
Pengguna Google,5,2016-04-12 06:26:12,Pelayananya sangat memuaskan
Pengguna Google,5,2016-04-08 13:53:48,handal
Pengguna Google,1,2016-04-06 09:50:25,"Berat,lambat, sering error..perbaiki pliss"
Pengguna Google,4,2016-03-30 19:09:59,Tolng diperbaiki ya
Pengguna Google,1,2016-03-25 23:08:18,Gak jelas
Pengguna Google,3,2016-03-23 10:07:13,"Terbantu tapi Akses nya berat bahkan hp spek dewa jg aksesnya berat, mohon di perbaiki"
Pengguna Google,1,2016-03-21 07:18:46,Aplikasi gak bermutu
Pengguna Google,2,2016-03-10 23:40:28,"Tolong donk dibenahi, kaya komputer pentium 2 loadingnya"
Pengguna Google,1,2016-03-05 03:02:51,Layanan apaan nih...gk bisa cek tagihan
Pengguna Google,5,2016-02-28 00:14:50,Tes
Pengguna Google,4,2016-02-25 19:43:57,Mempermudah kinerjaku
Pengguna Google,1,2016-02-21 17:34:44,Aplikasi loadingnya parah
Pengguna Google,5,2016-02-19 20:20:38,Berguna sekali buat customer
Pengguna Google,1,2016-02-19 14:53:59,Kurang sempurna dan ribet
Pengguna Google,1,2016-02-19 03:16:14,"Apa ini emang bener aplikasi resmi Telkom ya? Terus terang tampilan, layout, desain dll kok jauh dari standar aplikasi bonafit, nggak keren sama sekali, mana tim IT telkom BUMN telekomunikasi terbesar seindonesia masak buat aplikasi bisanya cuma kelas begini, tlg dikaji ulang aplikasi spt ini di Telkom dihapus saja, kalo nggak mampu bayar aja pembuat aplikasi yg handal sebagaimana detik, liputan 6,bukalapak, tokopedia, dll.kalo aplikasi kayak gini saya kira tetap memalukan bangsa.mohon maaf kritik dan saran"
Pengguna Google,2,2016-01-28 07:52:57,Perinciannya pembayaran tidak muncul dengan baik dan harga yang tercantum tidak termasuk denda bila melewati tgl 20. Mohon diperbaiki
Pengguna Google,5,2016-01-24 09:01:41,good
Pengguna Google,1,2016-01-21 07:28:52,Ribet
Pengguna Google,5,2016-01-10 00:24:05,Enjoy
Pengguna Google,1,2015-12-18 07:15:58,Ga bs cek tagihan
Pengguna Google,4,2015-12-16 01:00:30,Baik
Pengguna Google,1,2015-12-05 02:44:26,Komplain ke telkom tp gag ada tanggapan..udah 7 kali komplain..
Pengguna Google,5,2015-11-27 13:22:58,Di coba
Pengguna Google,5,2015-11-25 04:05:43,oke
Pengguna Google,1,2015-11-19 13:29:00,"Cara cek tag gimana, aplikasinya kaga jelas. Hal home isinya malah promosi, ini aplikasi promosi ato self Service .."
Pengguna Google,2,2015-11-19 10:18:57,Loadingnya lambat pula
Pengguna Google,5,2015-11-16 09:46:22,Ok
Pengguna Google,2,2015-11-10 11:22:36,Cek tagihannya di mana ya ?
Pengguna Google,1,2015-11-03 12:22:18,Jangan install. Ngabisin memory hape doang ( -.-)ﾉ
Pengguna Google,4,2015-10-15 15:06:54,Its good
Pengguna Google,1,2015-10-09 16:38:28,Sama aja kaya buka di browser mobile. Ngabis2in memori internal aja...
Pengguna Google,5,2015-09-29 04:07:53,Joss
Pengguna Google,1,2015-09-21 10:42:24,My telko
Pengguna Google,1,2015-09-21 09:56:49,Berat banget loddingnya broth..
Pengguna Google,5,2015-09-15 15:47:01,Sangat membantu untuk melihat tagihan
Pengguna Google,5,2015-08-13 15:42:19,Sangat membantu
Pengguna Google,5,2015-08-03 15:24:15,Layanan keren dari speedy.😊
Pengguna Google,1,2015-07-31 13:43:58,Cuma browser doang
Pengguna Google,5,2015-07-30 13:00:11,Like
Pengguna Google,1,2015-07-28 04:56:58,Payah!!!
Pengguna Google,5,2015-07-27 14:41:26,Good
Pengguna Google,5,2015-07-10 18:33:08,Mohon untuk lebih di lengkapi lagi fiturnya...!
Pengguna Google,5,2015-07-08 07:08:49,oke
Pengguna Google,5,2015-06-28 12:36:57,Mantep deh aplikasiny a
Pengguna Google,5,2015-06-23 14:04:26,membantu sekali
Pengguna Google,2,2015-06-08 09:15:38,Buat malu aja
Pengguna Google,5,2015-05-16 13:49:41,Tolong diperbaiki agar tidak berat loadingnya...
Pengguna Google,1,2015-05-12 08:40:13,Kenapa susah sekali dibuka. Loading trs.
Pengguna Google,5,2015-04-04 16:26:44,App
Pengguna Google,3,2015-03-31 14:02:08,Update
Pengguna Google,5,2015-03-18 15:55:10,Good
Pengguna Google,5,2015-03-13 03:44:37,Mantap
Pengguna Google,3,2015-02-25 03:54:05,Signal msh luplep kadang hilang capedeh menunggu
Pengguna Google,1,2015-02-24 13:06:50,"Saya harap di perbaiki untuk aplikasi ini, kelihatan cuman pakai webkit, jadi berat."
Pengguna Google,5,2015-02-15 02:11:22,Asik
Pengguna Google,5,2014-11-30 06:48:56,Like
Pengguna Google,3,2014-10-13 14:43:14,Blanja data
Pengguna Google,5,2014-07-21 07:20:14,Ok
